"id","name"
"11-0006376","QuickLink Company"
"53-0000892","Beans Company"
"45-0004470","Hostes Limited"
"38-0005417","Felics"
"85-0007708","Datastore Associates"
"87-0005976","Felics Company"
"93-0002628","Morsem Industries"
"51-0008715","QuickLink Associates"
"82-0001602","Gualas Ltd"
"24-0002938","Quicker"
"90-0004823","Linger Limited"
"13-0005158","QuickLink"
"26-0008227","Furba"
"23-0000369","Erntogra"
"92-0008906","Quicker Industries"
"01-0000732","Klein"
"36-0007315","Woods Inc."
"80-0005916","Terson LLC"
"01-0005242","Robutenia Associates"
"55-0003002","Interdem LLC"
"48-0004741","Furba"
"39-0005558","Nonos"
"26-0007772","Hostes Consulting"
"58-0007449","FlyHigh Consulting"
"34-0007462","Quicker Limited"
"73-0000254","Nonos"
"57-0004864","Datastore"
"52-0001034","Linger Inc."
"76-0008071","Gualas"
"24-0003440","MemorTech Industries"
"15-0003005","Morsem Industries"
"63-0003417","Nonos Inc."
"05-0008600","Gualas Company"
"06-0009765","FlyHigh Consulting"
"11-0007398","Terson"
"42-0000394","Klein"
"80-0006193","Vitae Industries"
"23-0008945","Terson Ltd"
"88-0006357","Klein"
"75-0004311","Terson Ltd"
"53-0006448","Buapel Industries"
"23-0008432","Quisuc"
"22-0008851","Datastore Industries"
"86-0006223","Furba Company"
"21-0009346","Alist"
"12-0002471","Warst"
"02-0003007","SuperMemo"
"64-0003168","Felics LLC"
"52-0004421","SuperMemo"
"84-0000621","Klein Consulting"
"02-0007280","Vitae Ltd"
"65-0004598","MemorTech"
"91-0009634","FlyHigh Industries"
"23-0006351","Yrsa"
"48-0007552","Datastore LLC"
"30-0007443","Porta"
"87-0008175","Yrsa LLC"
"48-0009265","Furba"
"75-0000495","Interdem Consulting"
"75-0005458","Morsem"
"05-0001022","Robutenia LLC"
"80-0001142","Furba Associates"
"20-0002457","Furba Consulting"
"11-0000693","Woods Limited"
"48-0007456","Alist"
"03-0001262","MemorTech"
"39-0004999","Quicker"
"34-0007757","Interdem Company"
"30-0001583","Klein"
"76-0000943","Hostes"
"53-0008616","Erntogra"
"45-0009998","SuperMemo"
"23-0008388","MemorTech"
"52-0001242","Terson"
"40-0004041","Erntogra Associates"
"71-0001909","Woods"
"15-0002056","Alist"
"23-0001463","FlyHigh"
"81-0006110","Buapel Inc."
"52-0001990","Felics Ltd"
"81-0004521","Nonos"
"93-0003238","MemorTech"
"92-0000812","Gualas"
"45-0008882","Quisuc Ltd"
"30-0008750","Datastore"
"72-0003445","Vitae LLC"
"99-0009488","FlyHigh LLC"
"24-0003796","Klein Consulting"
"78-0005990","SuperMemo"
"31-0000111","Beans"
"54-0003611","Datastore Consulting"
"34-0009132","Alist Limited"
"98-0009085","Interdem"
"66-0001820","Linger Consulting"
"36-0007378","Datastore"
"02-0000021","Hostes Inc."
"10-0009196","SuperMemo"
"33-0006618","Vitae Inc."
"34-0006093","SuperMemo"
"23-0004685","Nonos Industries"
"24-0002157","Woods"
"43-0000995","Yrsa"
"74-0009720","Buapel Industries"
"03-0005168","Yrsa"
"90-0000437","SuperMemo"
"93-0003587","Interdem Limited"
"98-0006518","Datastore Industries"
"59-0006985","Interdem Company"
"88-0008193","Felics LLC"
"50-0000685","Hostes Associates"
"04-0005397","Klein"
"63-0008192","Quicker Associates"
"03-0001737","Robutenia"
"26-0009516","QuickLink"
"45-0004472","Beans"
"57-0008867","Warst"
"22-0009971","Gualas Inc."
"44-0003715","Klein"
"46-0004285","Terson"
"81-0008841","Gualas"
"56-0006095","Woods"
"00-0006579","FlyHigh Associates"
"01-0005890","Gualas Ltd"
"88-0004173","Klein Limited"
"24-0002737","Woods Associates"
"85-0001294","Gualas Industries"
"00-0005711","Yrsa Inc."
"35-0006721","Buapel"
"39-0002150","Gualas"
"76-0000408","Felics"
"50-0003805","Vitae"
"43-0001131","Linger Inc."
"35-0001409","Alist"
"91-0006349","Erntogra Associates"
"46-0005023","Warst LLC"
"21-0005047","Interdem Ltd"
"46-0003505","MemorTech Consulting"
"63-0006403","Klein"
"93-0000861","Quisuc Industries"
"23-0004491","Morsem Company"
"66-0001182","Terson LLC"
"22-0006785","Yrsa"
"26-0008279","SuperMemo Limited"
"36-0007858","Adapt"
"95-0007462","Linger Inc."
"82-0007635","Robutenia"
"65-0006225","Alist"
"30-0004753","Klein"
"39-0009205","SuperMemo Industries"
"27-0007457","Quisuc"
